{"cameraMode":{"drawMode":0,"name":"Shaded","section":"Shading Mode"},"sceneLighting":true,"audioPlay":false,"sceneViewState":{"m_AlwaysRefresh":false,"showFog":true,"showSkybox":false,"showFlares":true,"showImageEffects":true,"showParticleSystems":true,"showVisualEffectGraphs":true,"m_FxEnabled":true},"in2DMode":false,"pivot":{"x":-0.21000003814697267,"y":2.3500001430511476,"z":0.4099998474121094},"rotation":{"x":-0.16961973905563355,"y":-0.005862198304384947,"z":0.0013208884047344328,"w":-0.9857227206230164},"size":12.12435531616211,"orthographic":false}