{"cameraMode":{"drawMode":0,"name":"Shaded","section":"Shading Mode"},"sceneLighting":false,"audioPlay":false,"sceneViewState":{"m_AlwaysRefresh":false,"showFog":true,"showSkybox":false,"showFlares":true,"showImageEffects":true,"showParticleSystems":true,"showVisualEffectGraphs":true,"m_FxEnabled":true},"in2DMode":false,"pivot":{"x":-9.564736366271973,"y":-4.3701066970825199,"z":56.873817443847659},"rotation":{"x":0.060726795345544818,"y":-0.06732422858476639,"z":0.004110083449631929,"w":0.9959200620651245},"size":37.1175651550293,"orthographic":false}