{"cameraMode":{"drawMode":0,"name":"Shaded","section":"Shading Mode"},"sceneLighting":false,"audioPlay":false,"sceneViewState":{"m_AlwaysRefresh":false,"showFog":true,"showSkybox":false,"showFlares":true,"showImageEffects":true,"showParticleSystems":true,"showVisualEffectGraphs":true,"m_FxEnabled":true},"in2DMode":false,"pivot":{"x":4.578275203704834,"y":-0.638798713684082,"z":46.31035614013672},"rotation":{"x":0.040770694613456729,"y":0.031472668051719668,"z":-0.001280930358916521,"w":0.9987133741378784},"size":37.1175651550293,"orthographic":false}