{"cameraMode":{"drawMode":0,"name":"Shaded","section":"Shading Mode"},"sceneLighting":false,"audioPlay":false,"sceneViewState":{"m_AlwaysRefresh":false,"showFog":true,"showSkybox":false,"showFlares":true,"showImageEffects":true,"showParticleSystems":true,"showVisualEffectGraphs":true,"m_FxEnabled":true},"in2DMode":false,"pivot":{"x":-0.2241370677947998,"y":1.9405255317687989,"z":0.0787191390991211},"rotation":{"x":0.004091537557542324,"y":-0.2158041149377823,"z":-0.0009088997612707317,"w":-0.9764841794967651},"size":3.2434756755828859,"orthographic":false}