{"cameraMode":{"drawMode":0,"name":"Shaded","section":"Shading Mode"},"sceneLighting":false,"audioPlay":false,"sceneViewState":{"m_AlwaysRefresh":false,"showFog":true,"showSkybox":false,"showFlares":true,"showImageEffects":true,"showParticleSystems":true,"showVisualEffectGraphs":true,"m_FxEnabled":true},"in2DMode":false,"pivot":{"x":3.8946287631988527,"y":2.3179147243499758,"z":84.09861755371094},"rotation":{"x":-0.008699759840965271,"y":-0.02040969394147396,"z":0.0001506613043602556,"w":-0.9998147487640381},"size":37.1175651550293,"orthographic":false}