{"cameraMode":{"drawMode":0,"name":"Shaded","section":"Shading Mode"},"sceneLighting":false,"audioPlay":false,"sceneViewState":{"m_AlwaysRefresh":false,"showFog":true,"showSkybox":false,"showFlares":true,"showImageEffects":true,"showParticleSystems":true,"showVisualEffectGraphs":true,"m_FxEnabled":true},"in2DMode":false,"pivot":{"x":4.3835344314575199,"y":2.4917337894439699,"z":-0.6994444131851196},"rotation":{"x":0.10754071176052094,"y":-0.6147298216819763,"z":0.08488152921199799,"w":0.7769922614097595},"size":1.9311925172805787,"orthographic":false}