{"cameraMode":{"drawMode":0,"name":"Shaded","section":"Shading Mode"},"sceneLighting":false,"audioPlay":false,"sceneViewState":{"m_AlwaysRefresh":false,"showFog":true,"showSkybox":false,"showFlares":true,"showImageEffects":true,"showParticleSystems":true,"showVisualEffectGraphs":true,"m_FxEnabled":true},"in2DMode":false,"pivot":{"x":6.3857102394104,"y":0.2749940752983093,"z":12.669591903686524},"rotation":{"x":-0.000291502132313326,"y":0.21726468205451966,"z":0.00007024421938695014,"w":0.9761576056480408},"size":10.08491325378418,"orthographic":false}