{"cameraMode":{"drawMode":0,"name":"Shaded","section":"Shading Mode"},"sceneLighting":false,"audioPlay":false,"sceneViewState":{"m_AlwaysRefresh":false,"showFog":true,"showSkybox":false,"showFlares":true,"showImageEffects":true,"showParticleSystems":true,"showVisualEffectGraphs":true,"m_FxEnabled":true},"in2DMode":false,"pivot":{"x":0.9800000190734863,"y":-2.130000114440918,"z":-2.5903239250183107},"rotation":{"x":-0.025306817144155504,"y":-0.44156020879745486,"z":0.012457353994250298,"w":-0.8968504071235657},"size":2.839454174041748,"orthographic":false}