{"cameraMode":{"drawMode":0,"name":"Shaded","section":"Shading Mode"},"sceneLighting":false,"audioPlay":false,"sceneViewState":{"m_AlwaysRefresh":false,"showFog":true,"showSkybox":false,"showFlares":true,"showImageEffects":true,"showParticleSystems":true,"showVisualEffectGraphs":true,"m_FxEnabled":true},"in2DMode":false,"pivot":{"x":1.025222659111023,"y":2.1624369621276857,"z":1.0483405590057374},"rotation":{"x":-0.02242657169699669,"y":-0.2865654230117798,"z":0.006707215681672096,"w":-0.9578332901000977},"size":6.176388740539551,"orthographic":false}