{"cameraMode":{"drawMode":0,"name":"Shaded","section":"Shading Mode"},"sceneLighting":false,"audioPlay":false,"sceneViewState":{"m_AlwaysRefresh":false,"showFog":true,"showSkybox":false,"showFlares":true,"showImageEffects":true,"showParticleSystems":true,"showVisualEffectGraphs":true,"m_FxEnabled":true},"in2DMode":false,"pivot":{"x":-0.015163106843829155,"y":-5.019808769226074,"z":93.84304809570313},"rotation":{"x":-0.04588786140084267,"y":0.0029849736019968988,"z":-0.00017485025455243886,"w":-0.9990110993385315},"size":44.26338577270508,"orthographic":false}